Application,Section,AppOrder,SectionOrder,ScreenKey,DomainColor,IconRef,IsActive
Masterdata Hub,Domain tiles,10,10,hub,text-muted,hub,TRUE
Masterdata Hub,Search and filters,10,20,hub,text-muted,hub,TRUE
Masterdata Hub,Request list,10,30,hub,text-muted,hub,TRUE
Masterdata Hub,Request actions,10,40,hub,text-muted,hub,TRUE
Masterdata Hub,Approval Flow,10,50,hub,text-muted,hub,TRUE
Masterdata Hub,Activity,10,60,hub,text-muted,hub,TRUE
Masterdata Hub,Submission notes,10,70,hub,text-muted,hub,TRUE
Masterdata Hub,Mobile layout,10,80,hub,text-muted,hub,TRUE
Masterdata Hub,Other,10,90,hub,text-muted,hub,TRUE
Functional Location,Request header,20,10,functionallocation,domain-fl,functionallocation,TRUE
Functional Location,Rows,20,20,functionallocation,domain-fl,functionallocation,TRUE
Functional Location,Row details,20,30,functionallocation,domain-fl,functionallocation,TRUE
Functional Location,Validation,20,40,functionallocation,domain-fl,functionallocation,TRUE
Functional Location,Structure and classes,20,50,functionallocation,domain-fl,functionallocation,TRUE
Functional Location,View mode,20,60,functionallocation,domain-fl,functionallocation,TRUE
Functional Location,Edit mode,20,70,functionallocation,domain-fl,functionallocation,TRUE
Functional Location,Mobile layout,20,80,functionallocation,domain-fl,functionallocation,TRUE
Functional Location,Other,20,90,functionallocation,domain-fl,functionallocation,TRUE
Maintenance Plan,Page header,30,10,vhplan,domain-vhp,vhplan,TRUE
Maintenance Plan,Plan Header,30,20,vhplan,domain-vhp,vhplan,TRUE
Maintenance Plan,Items,30,30,vhplan,domain-vhp,vhplan,TRUE
Maintenance Plan,Item Editor,30,40,vhplan,domain-vhp,vhplan,TRUE
Maintenance Plan,Object List,30,50,vhplan,domain-vhp,vhplan,TRUE
Maintenance Plan,Tasklist and Operations,30,60,vhplan,domain-vhp,vhplan,TRUE
Maintenance Plan,Progress and validation,30,70,vhplan,domain-vhp,vhplan,TRUE
Maintenance Plan,View mode,30,80,vhplan,domain-vhp,vhplan,TRUE
Maintenance Plan,Edit mode,30,90,vhplan,domain-vhp,vhplan,TRUE
Maintenance Plan,Mobile layout,30,100,vhplan,domain-vhp,vhplan,TRUE
Maintenance Plan,Other,30,110,vhplan,domain-vhp,vhplan,TRUE
Materials,Request header,40,10,material,domain-mat,material,TRUE
Materials,Spare Parts Form,40,20,material,domain-mat,material,TRUE
Materials,Saved Rows,40,30,material,domain-mat,material,TRUE
Materials,Row actions,40,40,material,domain-mat,material,TRUE
Materials,Functional Location search,40,50,material,domain-mat,material,TRUE
Materials,Documents,40,60,material,domain-mat,material,TRUE
Materials,Invoice import,40,70,material,domain-mat,material,TRUE
Materials,View mode,40,80,material,domain-mat,material,TRUE
Materials,Edit mode,40,90,material,domain-mat,material,TRUE
Materials,Mobile layout,40,100,material,domain-mat,material,TRUE
Materials,Other,40,110,material,domain-mat,material,TRUE
Equipments,Request header,50,10,equipment,domain-eq,equipment,TRUE
Equipments,Equipment Form,50,20,equipment,domain-eq,equipment,TRUE
Equipments,Saved Rows,50,30,equipment,domain-eq,equipment,TRUE
Equipments,Row actions,50,40,equipment,domain-eq,equipment,TRUE
Equipments,Functional Location search,50,50,equipment,domain-eq,equipment,TRUE
Equipments,Documents,50,60,equipment,domain-eq,equipment,TRUE
Equipments,View mode,50,70,equipment,domain-eq,equipment,TRUE
Equipments,Edit mode,50,80,equipment,domain-eq,equipment,TRUE
Equipments,Mobile layout,50,90,equipment,domain-eq,equipment,TRUE
Equipments,Other,50,100,equipment,domain-eq,equipment,TRUE
Measuring Point,Request header,60,10,,domain-mp,measuringpoint,FALSE
Measuring Point,Form,60,20,,domain-mp,measuringpoint,FALSE
Measuring Point,Saved Rows,60,30,,domain-mp,measuringpoint,FALSE
Measuring Point,Row actions,60,40,,domain-mp,measuringpoint,FALSE
Measuring Point,View mode,60,50,,domain-mp,measuringpoint,FALSE
Measuring Point,Edit mode,60,60,,domain-mp,measuringpoint,FALSE
Measuring Point,Mobile layout,60,70,,domain-mp,measuringpoint,FALSE
Measuring Point,Other,60,80,,domain-mp,measuringpoint,FALSE
KKS lookup,Key type tabs,70,10,kks,text-muted,kks,TRUE
KKS lookup,"Letter, group and subgroup",70,20,kks,text-muted,kks,TRUE
KKS lookup,Search,70,30,kks,text-muted,kks,TRUE
KKS lookup,Results list,70,40,kks,text-muted,kks,TRUE
KKS lookup,Description popup,70,50,kks,text-muted,kks,TRUE
KKS lookup,Mobile layout,70,60,kks,text-muted,kks,TRUE
KKS lookup,Other,70,70,kks,text-muted,kks,TRUE
Issue Board,Issue list and filters,80,10,issueboard,text-muted,issueboard,TRUE
Issue Board,New issue form,80,20,issueboard,text-muted,issueboard,TRUE
Issue Board,Issue details,80,30,issueboard,text-muted,issueboard,TRUE
Issue Board,Activity and comments,80,40,issueboard,text-muted,issueboard,TRUE
Issue Board,Mobile layout,80,50,issueboard,text-muted,issueboard,TRUE
Issue Board,Other,80,60,issueboard,text-muted,issueboard,TRUE
Navigation and shared layout,Navigation drawer,90,10,,text-muted,,TRUE
Navigation and shared layout,Desktop header,90,20,,text-muted,,TRUE
Navigation and shared layout,Mobile top bar,90,30,,text-muted,,TRUE
Navigation and shared layout,Responsive layout,90,40,,text-muted,,TRUE
Navigation and shared layout,Shared popups,90,50,,text-muted,,TRUE
Navigation and shared layout,Message us,90,60,,text-muted,,TRUE
Navigation and shared layout,Loading experience,90,70,,text-muted,,TRUE
Navigation and shared layout,Theme,90,80,,text-muted,,TRUE
Navigation and shared layout,Other,90,90,,text-muted,,TRUE
General,Performance,100,10,,text-muted,,TRUE
General,Permissions,100,20,,text-muted,,TRUE
General,Data loading,100,30,,text-muted,,TRUE
General,Accessibility,100,40,,text-muted,,TRUE
General,Responsive behaviour,100,50,,text-muted,,TRUE
General,Other,100,60,,text-muted,,TRUE
Other,Other,110,10,,text-muted,,TRUE
