ApproverKey,Approver1,Approver2,Approver1Absent,Notes
1,PKBJE,PKBJE,FALSE,Test. Drift: MAXJE / PEVAN
2,PKBJE,PKBJE,FALSE,Test. Drift: JHVAN / MIKSE
3,PKBJE,PKBJE,FALSE,Test. Drift: MAXJE / KJAKO
4,PKBJE,PKBJE,FALSE,Test. Drift: JACOW / JHVAN
5,PKBJE,PKBJE,FALSE,Test. Drift: PEVAN / MIKSE
6,PKBJE,PKBJE,FALSE,Test. Drift: METLI / MAXJE
7,PKBJE,PKBJE,FALSE,Test. Drift: METLI / PEVAN
8,PKBJE,PKBJE,FALSE,Test. Drift: KJAKO / JACOW
9,PKBJE,PKBJE,FALSE,Test. Drift: MIKSE / KJAKO
10,PKBJE,PKBJE,FALSE,Test. Drift: DORDI / DORMO
11,PKBJE,PKBJE,FALSE,Test. Drift: DORDI / MAXJE
12,PKBJE,PKBJE,FALSE,Test. Drift: KJAKO / JACOW
13,PKBJE,PKBJE,FALSE,Test. Drift: DORMO / DORDI
14,PKBJE,PKBJE,FALSE,Test. Drift: MIKSE / METLI
15,PKBJE,PKBJE,FALSE,Test. Drift: JHVAN / METLI
16,PKBJE,PKBJE,FALSE,Test. Drift: PEVAN / DORDI
ASV,PKBJE,PKBJE,FALSE,"Test. Drift: lokal ASM-leder, ikke udpeget"
AVV,PKBJE,PKBJE,FALSE,"Test. Drift: lokal ASM-leder, ikke udpeget"
HCV,PKBJE,PKBJE,FALSE,"Test. Drift: lokal ASM-leder, ikke udpeget"
HEV,PKBJE,PKBJE,FALSE,"Test. Drift: lokal ASM-leder, ikke udpeget"
KYV,PKBJE,PKBJE,FALSE,"Test. Drift: lokal ASM-leder, ikke udpeget"
SKV,PKBJE,PKBJE,FALSE,"Test. Drift: lokal ASM-leder, ikke udpeget"
SMV,PKBJE,PKBJE,FALSE,"Test. Drift: lokal ASM-leder, ikke udpeget"
SSV,PKBJE,PKBJE,FALSE,"Test. Drift: lokal ASM-leder, ikke udpeget"
COST,PKBJE,PKBJE,FALSE,"Test. Drift: omkostningsgodkender, ikke udpeget"
